--
-- Host: localhost    Database: yangvd
-- ------------------------------------------------------


/*!40101 SET @OLD_CHARACTER_SET_CLIENT=@@CHARACTER_SET_CLIENT */;
/*!40101 SET @OLD_CHARACTER_SET_RESULTS=@@CHARACTER_SET_RESULTS */;
/*!40101 SET @OLD_COLLATION_CONNECTION=@@COLLATION_CONNECTION */;
/*!40101 SET NAMES utf8 */;
/*!40103 SET @OLD_TIME_ZONE=@@TIME_ZONE */;
/*!40103 SET TIME_ZONE='+00:00' */;
/*!40014 SET @OLD_UNIQUE_CHECKS=@@UNIQUE_CHECKS, UNIQUE_CHECKS=0 */;
/*!40014 SET @OLD_FOREIGN_KEY_CHECKS=@@FOREIGN_KEY_CHECKS, FOREIGN_KEY_CHECKS=0 */;
/*!40101 SET @OLD_SQL_MODE=@@SQL_MODE, SQL_MODE='NO_AUTO_VALUE_ON_ZERO' */;
/*!40111 SET @OLD_SQL_NOTES=@@SQL_NOTES, SQL_NOTES=0 */;



DROP TABLE IF EXISTS `yang_meeting`;
SET @saved_cs_client     = @@character_set_client;
SET character_set_client = utf8;
CREATE TABLE `yang_meeting` (
  `mt_id` varchar(50) NOT NULL default '',
  `mt_name` varchar(50) default NULL,
  `mt_type` varchar(2) default NULL,  
  `mt_director` varchar(50) default NULL,
  `mt_status` varchar(10) default NULL, 
  `mt_desc` varchar(500) default NULL,  
  PRIMARY KEY  (`mt_id`)
) ENGINE=InnoDB DEFAULT CHARSET=utf8;
SET character_set_client = @saved_cs_client;


LOCK TABLES `yang_meeting` WRITE;

INSERT INTO `yang_meeting` VALUES ('1001','试用会议1','2','1001','1','网络视频会议'),('1002','试用会议2','2','1001','1','教室1'),('1003','试用会议3','2','1001','1','教室3');

UNLOCK TABLES;


DROP TABLE IF EXISTS `yang_meeting_type`;
SET @saved_cs_client     = @@character_set_client;
SET character_set_client = utf8;
CREATE TABLE `yang_meeting_type` (
  `meeting_type_id` varchar(15) NOT NULL,
  `meeting_type_name` varchar(15) default NULL,
  `remark` varchar(250) default NULL,
  PRIMARY KEY  (`meeting_type_id`)
) ENGINE=InnoDB DEFAULT CHARSET=utf8;
SET character_set_client = @saved_cs_client;


LOCK TABLES `yang_meeting_type` WRITE;

UNLOCK TABLES;

--
-- Table structure for table `yang_user`
--

DROP TABLE IF EXISTS `yang_user`;
SET @saved_cs_client     = @@character_set_client;
SET character_set_client = utf8;
CREATE TABLE `yang_user` (
  `user_id` varchar(15) NOT NULL,
  `user_name` varchar(20) default NULL,
  `user_password` varchar(256) default NULL,
  `user_email` varchar(30) default NULL,
  `user_mobile` varchar(15) default NULL,
  `user_status` varchar(1) default NULL,
  `depart_id` varchar(15) default NULL,
  `login_name` varchar(20) default NULL,
  `user_tel` varchar(20) default NULL,
  `delete_flag` varchar(1) default 'N',
  `remark` varchar(200) default NULL,
  PRIMARY KEY  (`user_id`),
  UNIQUE KEY `login_name` (`login_name`)
) ENGINE=InnoDB DEFAULT CHARSET=utf8;
SET character_set_client = @saved_cs_client;


LOCK TABLES `yang_user` WRITE;

INSERT INTO `yang_user` VALUES ('1001','管理员','d51c13ab034104e7c183c0f578a9b4bc','','','3','0','admin','','Y',''),('1002','人员1','9cb29f54923e5b51dd7cad12560a4935','','','0','0','a01','','Y',''),('1003','人员2','9cb29f54923e5b51dd7cad12560a4935','','','0','0','a02','','Y',''),('1004','人员3','9cb29f54923e5b51dd7cad12560a4935','','','0','0','a03','','Y',''),('1005','人员4','9cb29f54923e5b51dd7cad12560a4935','','','0','0','a04','','Y',''),('1006','人员5','9cb29f54923e5b51dd7cad12560a4935','','','0','0','a05','','Y',''),('1608','人员6','9cb29f54923e5b51dd7cad12560a4935','','','0','0','a06','','N',''),('1616','yang','9cb29f54923e5b51dd7cad12560a4935','','','3','00057','yang','','N','');

UNLOCK TABLES;



DROP TABLE IF EXISTS `mt_join_meeting_user`;
SET @saved_cs_client     = @@character_set_client;
SET character_set_client = utf8;
CREATE TABLE `mt_join_meeting_user` (
  `mt_id` varchar(50) default NULL,
  `user_id` varchar(50) default NULL,
  `status` char(2) default NULL,
  `mt_role` char(2) default NULL
) ENGINE=MyISAM DEFAULT CHARSET=utf8;
SET character_set_client = @saved_cs_client;


LOCK TABLES `mt_join_meeting_user` WRITE;

INSERT INTO `mt_join_meeting_user` VALUES ('1001','1001','0','3'),('1001','1002','0','3'),('1001','1003','0','0'),('1001','1004','0','0'),('1001','1005','0','0'),('1001','1006','0','0'),('1002','1001','0','3'),('1002','1002','0','3'),('1002','1003','0','0'),('1002','1004','0','0'),('1002','1005','0','0'),('1002','1006','0','0'),('1002','1013','0','0'),('1003','1001','0','3'),('1003','1002','0','3'),('1003','1003','0','0'),('1003','1004','0','0'),('1003','1005','0','0'),('1003','1006','0','0'),('1003','1400','0','0'),('1003','1401','0','0'),('1003','1402','0','0'),('1003','1403','0','0'),('1003','1404','0','0'),('1003','1405','0','0'),('1003','1406','0','0'),('1003','1407','0','0'),('1003','1408','0','0'),('1003','1409','0','0'),('1003','1410','0','0'),('1003','1411','0','0'),('1003','1412','0','0'),('1003','1413','0','0'),('1003','1414','0','0'),('1003','1415','0','0'),('1003','1416','0','0'),('1003','1417','0','0'),('1003','1418','0','0'),('1003','1419','0','0'),('1003','1420','0','0'),('1003','1421','0','0'),('1003','1422','0','0'),('1003','1423','0','0'),('1003','1424','0','0'),('1003','1425','0','0'),('1003','1426','0','0'),('1003','1427','0','0'),('1003','1428','0','0'),('1003','1429','0','0'),('1003','1430','0','0'),('1003','1431','0','0'),('1003','1432','0','0'),('1003','1433','0','0'),('1003','1434','0','0'),('1003','1435','0','0'),('1003','1436','0','0'),('1003','1437','0','0'),('1003','1438','0','0'),('1003','1439','0','0'),('1003','1440','0','0'),('1003','1441','0','0'),('1003','1442','0','0'),('1003','1443','0','0'),('1003','1444','0','0'),('1003','1445','0','0'),('1003','1446','0','0'),('1003','1447','0','0'),('1003','1448','0','0'),('1003','1449','0','0'),('1003','1450','0','0'),('1003','1451','0','0'),('1003','1452','0','0'),('1003','1453','0','0'),('1003','1454','0','0'),('1003','1455','0','0'),('1003','1456','0','0'),('1003','1457','0','0'),('1003','1458','0','0'),('1003','1459','0','0'),('1003','1460','0','0'),('1003','1461','0','0'),('1003','1462','0','0'),('1003','1463','0','0'),('1003','1464','0','0'),('1003','1465','0','0'),('1003','1466','0','0'),('1003','1467','0','0'),('1003','1468','0','0'),('1003','1469','0','0'),('1003','1470','0','0'),('1003','1471','0','0'),('1003','1472','0','0'),('1003','1473','0','0'),('1003','1474','0','0'),('1003','1475','0','0'),('1003','1476','0','0'),('1003','1477','0','0'),('1003','1478','0','0'),('1003','1479','0','0'),('1003','1480','0','0'),('1003','1481','0','0'),('1003','1482','0','0'),('1003','1483','0','0'),('1003','1484','0','0'),('1003','1485','0','0'),('1003','1486','0','0'),('1003','1487','0','0'),('1003','1488','0','0'),('1003','1489','0','0'),('1003','1490','0','0'),('1003','1491','0','0'),('1003','1492','0','0'),('1003','1493','0','0'),('1003','1494','0','0'),('1003','1495','0','0'),('1003','1496','0','0'),('1003','1497','0','0'),('1003','1498','0','0'),('1003','1499','0','0'),('1003','1500','0','0'),('1003','1501','0','0'),('1003','1502','0','0'),('1003','1503','0','0'),('1003','1504','0','0'),('1003','1505','0','0'),('1003','1506','0','0'),('1003','1507','0','0'),('1003','1508','0','0'),('1003','1509','0','0'),('1003','1510','0','0'),('1003','1511','0','0'),('1003','1512','0','0'),('1003','1513','0','0'),('1003','1514','0','0'),('1003','1515','0','0'),('1003','1516','0','0'),('1003','1517','0','0'),('1003','1518','0','0'),('1003','1519','0','0'),('1003','1520','0','0'),('1003','1521','0','0'),('1003','1522','0','0'),('1003','1523','0','0'),('1003','1524','0','0'),('1003','1525','0','0'),('1003','1526','0','0'),('1003','1527','0','0'),('1003','1528','0','0'),('1003','1529','0','0'),('1003','1530','0','0'),('1003','1531','0','0'),('1003','1532','0','0'),('1003','1533','0','0'),('1003','1534','0','0'),('1003','1535','0','0'),('1003','1536','0','0'),('1003','1537','0','0'),('1003','1538','0','0'),('1003','1539','0','0'),('1003','1540','0','0'),('1003','1541','0','0'),('1003','1542','0','0'),('1003','1543','0','0'),('1003','1544','0','0'),('1003','1545','0','0'),('1003','1546','0','0'),('1003','1547','0','0'),('1003','1548','0','0'),('1003','1549','0','0'),('1003','1550','0','0'),('1003','1551','0','0'),('1003','1552','0','0'),('1003','1553','0','0'),('1003','1554','0','0'),('1003','1555','0','0'),('1003','1556','0','0'),('1003','1557','0','0'),('1003','1558','0','0'),('1003','1559','0','0'),('1003','1560','0','0'),('1003','1561','0','0'),('1003','1562','0','0'),('1003','1563','0','0'),('1003','1564','0','0'),('1003','1565','0','0'),('1003','1566','0','0'),('1003','1567','0','0'),('1003','1568','0','0'),('1003','1569','0','0'),('1003','1570','0','0'),('1003','1571','0','0'),('1003','1572','0','0'),('1003','1573','0','3'),('1001','1607','0','3'),('1010','1003','0','3'),('1010','1002','0','0'),('1003','1616','0','3');
UNLOCK TABLES;




